site:twitter.com -inurl:(search|favorites|status|statuses|jobs) -intitle:(job|jobs) -recruiter -HR -careers "New Hampshire" "gmail.com" "actor"
site:twitter.com -inurl:(search|favorites|status|statuses|jobs) -intitle:(job|jobs) -recruiter -HR -careers "New Hampshire" "gmail.com" "actress"
site:twitter.com -inurl:(search|favorites|status|statuses|jobs) -intitle:(job|jobs) -recruiter -HR -careers "New Hampshire" "gmail.com" "Adobe"
site:twitter.com -inurl:(search|favorites|status|statuses|jobs) -intitle:(job|jobs) -recruiter -HR -careers "New Hampshire" "gmail.com" "air force"
site:twitter.com -inurl:(search|favorites|status|statuses|jobs) -intitle:(job|jobs) -recruiter -HR -careers "New Hampshire" "gmail.com" "airpod"
site:twitter.com -inurl:(search|favorites|status|statuses|jobs) -intitle:(job|jobs) -recruiter -HR -careers "New Hampshire" "gmail.com" "airpods"
site:twitter.com -inurl:(search|favorites|status|statuses|jobs) -intitle:(job|jobs) -recruiter -HR -careers "New Hampshire" "gmail.com" "alcohol"
site:twitter.com -inurl:(search|favorites|status|statuses|jobs) -intitle:(job|jobs) -recruiter -HR -careers "New Hampshire" "gmail.com" "Alphabet"
site:twitter.com -inurl:(search|favorites|status|statuses|jobs) -intitle:(job|jobs) -recruiter -HR -careers "New Hampshire" "gmail.com" "Amazon"
site:twitter.com -inurl:(search|favorites|status|statuses|jobs) -intitle:(job|jobs) -recruiter -HR -careers "New Hampshire" "gmail.com" "america"
site:twitter.com -inurl:(search|favorites|status|statuses|jobs) -intitle:(job|jobs) -recruiter -HR -careers "New Hampshire" "gmail.com" "american"
site:twitter.com -inurl:(search|favorites|status|statuses|jobs) -intitle:(job|jobs) -recruiter -HR -careers "New Hampshire" "gmail.com" "android"
site:twitter.com -inurl:(search|favorites|status|statuses|jobs) -intitle:(job|jobs) -recruiter -HR -careers "New Hampshire" "gmail.com" "app store"
site:twitter.com -inurl:(search|favorites|status|statuses|jobs) -intitle:(job|jobs) -recruiter -HR -careers "New Hampshire" "gmail.com" "apple"
site:twitter.com -inurl:(search|favorites|status|statuses|jobs) -intitle:(job|jobs) -recruiter -HR -careers "New Hampshire" "gmail.com" "apple music"
site:twitter.com -inurl:(search|favorites|status|statuses|jobs) -intitle:(job|jobs) -recruiter -HR -careers "New Hampshire" "gmail.com" "apple tv"
site:twitter.com -inurl:(search|favorites|status|statuses|jobs) -intitle:(job|jobs) -recruiter -HR -careers "New Hampshire" "gmail.com" "apple watch"
site:twitter.com -inurl:(search|favorites|status|statuses|jobs) -intitle:(job|jobs) -recruiter -HR -careers "New Hampshire" "gmail.com" "Aquarium"
site:twitter.com -inurl:(search|favorites|status|statuses|jobs) -intitle:(job|jobs) -recruiter -HR -careers "New Hampshire" "gmail.com" "Arizona"
site:twitter.com -inurl:(search|favorites|status|statuses|jobs) -intitle:(job|jobs) -recruiter -HR -careers "New Hampshire" "gmail.com" "army"
site:twitter.com -inurl:(search|favorites|status|statuses|jobs) -intitle:(job|jobs) -recruiter -HR -careers "New Hampshire" "gmail.com" "art"
site:twitter.com -inurl:(search|favorites|status|statuses|jobs) -intitle:(job|jobs) -recruiter -HR -careers "New Hampshire" "gmail.com" "artist"
site:twitter.com -inurl:(search|favorites|status|statuses|jobs) -intitle:(job|jobs) -recruiter -HR -careers "New Hampshire" "gmail.com" "ass"
site:twitter.com -inurl:(search|favorites|status|statuses|jobs) -intitle:(job|jobs) -recruiter -HR -careers "New Hampshire" "gmail.com" "AT&T"
site:twitter.com -inurl:(search|favorites|status|statuses|jobs) -intitle:(job|jobs) -recruiter -HR -careers "New Hampshire" "gmail.com" "attractive"
site:twitter.com -inurl:(search|favorites|status|statuses|jobs) -intitle:(job|jobs) -recruiter -HR -careers "New Hampshire" "gmail.com" "audi"
site:twitter.com -inurl:(search|favorites|status|statuses|jobs) -intitle:(job|jobs) -recruiter -HR -careers "New Hampshire" "gmail.com" "avatar"
site:twitter.com -inurl:(search|favorites|status|statuses|jobs) -intitle:(job|jobs) -recruiter -HR -careers "New Hampshire" "gmail.com" "avengers"
site:twitter.com -inurl:(search|favorites|status|statuses|jobs) -intitle:(job|jobs) -recruiter -HR -careers "New Hampshire" "gmail.com" "bagel"
site:twitter.com -inurl:(search|favorites|status|statuses|jobs) -intitle:(job|jobs) -recruiter -HR -careers "New Hampshire" "gmail.com" "bagels"
site:twitter.com -inurl:(search|favorites|status|statuses|jobs) -intitle:(job|jobs) -recruiter -HR -careers "New Hampshire" "gmail.com" "bake"
site:twitter.com -inurl:(search|favorites|status|statuses|jobs) -intitle:(job|jobs) -recruiter -HR -careers "New Hampshire" "gmail.com" "baked"
site:twitter.com -inurl:(search|favorites|status|statuses|jobs) -intitle:(job|jobs) -recruiter -HR -careers "New Hampshire" "gmail.com" "bakery"
site:twitter.com -inurl:(search|favorites|status|statuses|jobs) -intitle:(job|jobs) -recruiter -HR -careers "New Hampshire" "gmail.com" "baking"
site:twitter.com -inurl:(search|favorites|status|statuses|jobs) -intitle:(job|jobs) -recruiter -HR -careers "New Hampshire" "gmail.com" "bank"
site:twitter.com -inurl:(search|favorites|status|statuses|jobs) -intitle:(job|jobs) -recruiter -HR -careers "New Hampshire" "gmail.com" "Bar"
site:twitter.com -inurl:(search|favorites|status|statuses|jobs) -intitle:(job|jobs) -recruiter -HR -careers "New Hampshire" "gmail.com" "barbeque"
site:twitter.com -inurl:(search|favorites|status|statuses|jobs) -intitle:(job|jobs) -recruiter -HR -careers "New Hampshire" "gmail.com" "baseball"
site:twitter.com -inurl:(search|favorites|status|statuses|jobs) -intitle:(job|jobs) -recruiter -HR -careers "New Hampshire" "gmail.com" "basketball"
site:twitter.com -inurl:(search|favorites|status|statuses|jobs) -intitle:(job|jobs) -recruiter -HR -careers "New Hampshire" "gmail.com" "Bay"
site:twitter.com -inurl:(search|favorites|status|statuses|jobs) -intitle:(job|jobs) -recruiter -HR -careers "New Hampshire" "gmail.com" "bbq"
site:twitter.com -inurl:(search|favorites|status|statuses|jobs) -intitle:(job|jobs) -recruiter -HR -careers "New Hampshire" "gmail.com" "beach"
site:twitter.com -inurl:(search|favorites|status|statuses|jobs) -intitle:(job|jobs) -recruiter -HR -careers "New Hampshire" "gmail.com" "beauties"
site:twitter.com -inurl:(search|favorites|status|statuses|jobs) -intitle:(job|jobs) -recruiter -HR -careers "New Hampshire" "gmail.com" "beautiful"
site:twitter.com -inurl:(search|favorites|status|statuses|jobs) -intitle:(job|jobs) -recruiter -HR -careers "New Hampshire" "gmail.com" "beauty"
site:twitter.com -inurl:(search|favorites|status|statuses|jobs) -intitle:(job|jobs) -recruiter -HR -careers "New Hampshire" "gmail.com" "beef"
site:twitter.com -inurl:(search|favorites|status|statuses|jobs) -intitle:(job|jobs) -recruiter -HR -careers "New Hampshire" "gmail.com" "beer"
site:twitter.com -inurl:(search|favorites|status|statuses|jobs) -intitle:(job|jobs) -recruiter -HR -careers "New Hampshire" "gmail.com" "bikini"
site:twitter.com -inurl:(search|favorites|status|statuses|jobs) -intitle:(job|jobs) -recruiter -HR -careers "New Hampshire" "gmail.com" "bird"
site:twitter.com -inurl:(search|favorites|status|statuses|jobs) -intitle:(job|jobs) -recruiter -HR -careers "New Hampshire" "gmail.com" "birthday"
site:twitter.com -inurl:(search|favorites|status|statuses|jobs) -intitle:(job|jobs) -recruiter -HR -careers "New Hampshire" "gmail.com" "birthdays"
site:twitter.com -inurl:(search|favorites|status|statuses|jobs) -intitle:(job|jobs) -recruiter -HR -careers "New Hampshire" "gmail.com" "blond"
site:twitter.com -inurl:(search|favorites|status|statuses|jobs) -intitle:(job|jobs) -recruiter -HR -careers "New Hampshire" "gmail.com" "blondie"
site:twitter.com -inurl:(search|favorites|status|statuses|jobs) -intitle:(job|jobs) -recruiter -HR -careers "New Hampshire" "gmail.com" "bmw"
site:twitter.com -inurl:(search|favorites|status|statuses|jobs) -intitle:(job|jobs) -recruiter -HR -careers "New Hampshire" "gmail.com" "boob"
site:twitter.com -inurl:(search|favorites|status|statuses|jobs) -intitle:(job|jobs) -recruiter -HR -careers "New Hampshire" "gmail.com" "boobs"
site:twitter.com -inurl:(search|favorites|status|statuses|jobs) -intitle:(job|jobs) -recruiter -HR -careers "New Hampshire" "gmail.com" "book"
site:twitter.com -inurl:(search|favorites|status|statuses|jobs) -intitle:(job|jobs) -recruiter -HR -careers "New Hampshire" "gmail.com" "books"
site:twitter.com -inurl:(search|favorites|status|statuses|jobs) -intitle:(job|jobs) -recruiter -HR -careers "New Hampshire" "gmail.com" "boyfriend"
site:twitter.com -inurl:(search|favorites|status|statuses|jobs) -intitle:(job|jobs) -recruiter -HR -careers "New Hampshire" "gmail.com" "boyfriends"
site:twitter.com -inurl:(search|favorites|status|statuses|jobs) -intitle:(job|jobs) -recruiter -HR -careers "New Hampshire" "gmail.com" "bracelet"
site:twitter.com -inurl:(search|favorites|status|statuses|jobs) -intitle:(job|jobs) -recruiter -HR -careers "New Hampshire" "gmail.com" "breakfast"
site:twitter.com -inurl:(search|favorites|status|statuses|jobs) -intitle:(job|jobs) -recruiter -HR -careers "New Hampshire" "gmail.com" "brewer"
site:twitter.com -inurl:(search|favorites|status|statuses|jobs) -intitle:(job|jobs) -recruiter -HR -careers "New Hampshire" "gmail.com" "breweries"
site:twitter.com -inurl:(search|favorites|status|statuses|jobs) -intitle:(job|jobs) -recruiter -HR -careers "New Hampshire" "gmail.com" "brewery"
site:twitter.com -inurl:(search|favorites|status|statuses|jobs) -intitle:(job|jobs) -recruiter -HR -careers "New Hampshire" "gmail.com" "brewing"
site:twitter.com -inurl:(search|favorites|status|statuses|jobs) -intitle:(job|jobs) -recruiter -HR -careers "New Hampshire" "gmail.com" "bride"
site:twitter.com -inurl:(search|favorites|status|statuses|jobs) -intitle:(job|jobs) -recruiter -HR -careers "New Hampshire" "gmail.com" "brilliant"
site:twitter.com -inurl:(search|favorites|status|statuses|jobs) -intitle:(job|jobs) -recruiter -HR -careers "New Hampshire" "gmail.com" "Broadway "
site:twitter.com -inurl:(search|favorites|status|statuses|jobs) -intitle:(job|jobs) -recruiter -HR -careers "New Hampshire" "gmail.com" "brother"
site:twitter.com -inurl:(search|favorites|status|statuses|jobs) -intitle:(job|jobs) -recruiter -HR -careers "New Hampshire" "gmail.com" "burger"
site:twitter.com -inurl:(search|favorites|status|statuses|jobs) -intitle:(job|jobs) -recruiter -HR -careers "New Hampshire" "gmail.com" "buyer"
site:twitter.com -inurl:(search|favorites|status|statuses|jobs) -intitle:(job|jobs) -recruiter -HR -careers "New Hampshire" "gmail.com" "cake"
site:twitter.com -inurl:(search|favorites|status|statuses|jobs) -intitle:(job|jobs) -recruiter -HR -careers "New Hampshire" "gmail.com" "camp"
site:twitter.com -inurl:(search|favorites|status|statuses|jobs) -intitle:(job|jobs) -recruiter -HR -careers "New Hampshire" "gmail.com" "camping"
site:twitter.com -inurl:(search|favorites|status|statuses|jobs) -intitle:(job|jobs) -recruiter -HR -careers "New Hampshire" "gmail.com" "car"
site:twitter.com -inurl:(search|favorites|status|statuses|jobs) -intitle:(job|jobs) -recruiter -HR -careers "New Hampshire" "gmail.com" "cars"
site:twitter.com -inurl:(search|favorites|status|statuses|jobs) -intitle:(job|jobs) -recruiter -HR -careers "New Hampshire" "gmail.com" "cash"
site:twitter.com -inurl:(search|favorites|status|statuses|jobs) -intitle:(job|jobs) -recruiter -HR -careers "New Hampshire" "gmail.com" "Casino"
site:twitter.com -inurl:(search|favorites|status|statuses|jobs) -intitle:(job|jobs) -recruiter -HR -careers "New Hampshire" "gmail.com" "cat"
site:twitter.com -inurl:(search|favorites|status|statuses|jobs) -intitle:(job|jobs) -recruiter -HR -careers "New Hampshire" "gmail.com" "Cathedral"
site:twitter.com -inurl:(search|favorites|status|statuses|jobs) -intitle:(job|jobs) -recruiter -HR -careers "New Hampshire" "gmail.com" "cats"
site:twitter.com -inurl:(search|favorites|status|statuses|jobs) -intitle:(job|jobs) -recruiter -HR -careers "New Hampshire" "gmail.com" "cell phone"
site:twitter.com -inurl:(search|favorites|status|statuses|jobs) -intitle:(job|jobs) -recruiter -HR -careers "New Hampshire" "gmail.com" "Central Park "
site:twitter.com -inurl:(search|favorites|status|statuses|jobs) -intitle:(job|jobs) -recruiter -HR -careers "New Hampshire" "gmail.com" "charming"
site:twitter.com -inurl:(search|favorites|status|statuses|jobs) -intitle:(job|jobs) -recruiter -HR -careers "New Hampshire" "gmail.com" "cheer"
site:twitter.com -inurl:(search|favorites|status|statuses|jobs) -intitle:(job|jobs) -recruiter -HR -careers "New Hampshire" "gmail.com" "cheerleader"
site:twitter.com -inurl:(search|favorites|status|statuses|jobs) -intitle:(job|jobs) -recruiter -HR -careers "New Hampshire" "gmail.com" "cheerleaders"
site:twitter.com -inurl:(search|favorites|status|statuses|jobs) -intitle:(job|jobs) -recruiter -HR -careers "New Hampshire" "gmail.com" "cheerleading"
site:twitter.com -inurl:(search|favorites|status|statuses|jobs) -intitle:(job|jobs) -recruiter -HR -careers "New Hampshire" "gmail.com" "cheese"
site:twitter.com -inurl:(search|favorites|status|statuses|jobs) -intitle:(job|jobs) -recruiter -HR -careers "New Hampshire" "gmail.com" "Cheesecake"
site:twitter.com -inurl:(search|favorites|status|statuses|jobs) -intitle:(job|jobs) -recruiter -HR -careers "New Hampshire" "gmail.com" "chicken"
site:twitter.com -inurl:(search|favorites|status|statuses|jobs) -intitle:(job|jobs) -recruiter -HR -careers "New Hampshire" "gmail.com" "Chinatown"
site:twitter.com -inurl:(search|favorites|status|statuses|jobs) -intitle:(job|jobs) -recruiter -HR -careers "New Hampshire" "gmail.com" "chips"
site:twitter.com -inurl:(search|favorites|status|statuses|jobs) -intitle:(job|jobs) -recruiter -HR -careers "New Hampshire" "gmail.com" "christian"
site:twitter.com -inurl:(search|favorites|status|statuses|jobs) -intitle:(job|jobs) -recruiter -HR -careers "New Hampshire" "gmail.com" "christmas"
site:twitter.com -inurl:(search|favorites|status|statuses|jobs) -intitle:(job|jobs) -recruiter -HR -careers "New Hampshire" "gmail.com" "chubby"
site:twitter.com -inurl:(search|favorites|status|statuses|jobs) -intitle:(job|jobs) -recruiter -HR -careers "New Hampshire" "gmail.com" "church"
site:twitter.com -inurl:(search|favorites|status|statuses|jobs) -intitle:(job|jobs) -recruiter -HR -careers "New Hampshire" "gmail.com" "Circus"
site:twitter.com -inurl:(search|favorites|status|statuses|jobs) -intitle:(job|jobs) -recruiter -HR -careers "New Hampshire" "gmail.com" "Cisco"
site:twitter.com -inurl:(search|favorites|status|statuses|jobs) -intitle:(job|jobs) -recruiter -HR -careers "New Hampshire" "gmail.com" "club"
site:twitter.com -inurl:(search|favorites|status|statuses|jobs) -intitle:(job|jobs) -recruiter -HR -careers "New Hampshire" "gmail.com" "clubs"
site:twitter.com -inurl:(search|favorites|status|statuses|jobs) -intitle:(job|jobs) -recruiter -HR -careers "New Hampshire" "gmail.com" "coastline"
site:twitter.com -inurl:(search|favorites|status|statuses|jobs) -intitle:(job|jobs) -recruiter -HR -careers "New Hampshire" "gmail.com" "cocktail"
site:twitter.com -inurl:(search|favorites|status|statuses|jobs) -intitle:(job|jobs) -recruiter -HR -careers "New Hampshire" "gmail.com" "coffee"
site:twitter.com -inurl:(search|favorites|status|statuses|jobs) -intitle:(job|jobs) -recruiter -HR -careers "New Hampshire" "gmail.com" "Comcast"
site:twitter.com -inurl:(search|favorites|status|statuses|jobs) -intitle:(job|jobs) -recruiter -HR -careers "New Hampshire" "gmail.com" "comedy"
site:twitter.com -inurl:(search|favorites|status|statuses|jobs) -intitle:(job|jobs) -recruiter -HR -careers "New Hampshire" "gmail.com" "Concert"
site:twitter.com -inurl:(search|favorites|status|statuses|jobs) -intitle:(job|jobs) -recruiter -HR -careers "New Hampshire" "gmail.com" "cook"
site:twitter.com -inurl:(search|favorites|status|statuses|jobs) -intitle:(job|jobs) -recruiter -HR -careers "New Hampshire" "gmail.com" "cooked"
site:twitter.com -inurl:(search|favorites|status|statuses|jobs) -intitle:(job|jobs) -recruiter -HR -careers "New Hampshire" "gmail.com" "cookie"
site:twitter.com -inurl:(search|favorites|status|statuses|jobs) -intitle:(job|jobs) -recruiter -HR -careers "New Hampshire" "gmail.com" "cooking"
site:twitter.com -inurl:(search|favorites|status|statuses|jobs) -intitle:(job|jobs) -recruiter -HR -careers "New Hampshire" "gmail.com" "cosmetic"
site:twitter.com -inurl:(search|favorites|status|statuses|jobs) -intitle:(job|jobs) -recruiter -HR -careers "New Hampshire" "gmail.com" "Costco"
site:twitter.com -inurl:(search|favorites|status|statuses|jobs) -intitle:(job|jobs) -recruiter -HR -careers "New Hampshire" "gmail.com" "cream"
site:twitter.com -inurl:(search|favorites|status|statuses|jobs) -intitle:(job|jobs) -recruiter -HR -careers "New Hampshire" "gmail.com" "cruise"
site:twitter.com -inurl:(search|favorites|status|statuses|jobs) -intitle:(job|jobs) -recruiter -HR -careers "New Hampshire" "gmail.com" "cuisine"
site:twitter.com -inurl:(search|favorites|status|statuses|jobs) -intitle:(job|jobs) -recruiter -HR -careers "New Hampshire" "gmail.com" "cute"
site:twitter.com -inurl:(search|favorites|status|statuses|jobs) -intitle:(job|jobs) -recruiter -HR -careers "New Hampshire" "gmail.com" "dad"
site:twitter.com -inurl:(search|favorites|status|statuses|jobs) -intitle:(job|jobs) -recruiter -HR -careers "New Hampshire" "gmail.com" "daddy"
site:twitter.com -inurl:(search|favorites|status|statuses|jobs) -intitle:(job|jobs) -recruiter -HR -careers "New Hampshire" "gmail.com" "daughter"
site:twitter.com -inurl:(search|favorites|status|statuses|jobs) -intitle:(job|jobs) -recruiter -HR -careers "New Hampshire" "gmail.com" "day"
site:twitter.com -inurl:(search|favorites|status|statuses|jobs) -intitle:(job|jobs) -recruiter -HR -careers "New Hampshire" "gmail.com" "democratic"
site:twitter.com -inurl:(search|favorites|status|statuses|jobs) -intitle:(job|jobs) -recruiter -HR -careers "New Hampshire" "gmail.com" "democratic party"
site:twitter.com -inurl:(search|favorites|status|statuses|jobs) -intitle:(job|jobs) -recruiter -HR -careers "New Hampshire" "gmail.com" "Diamond"
site:twitter.com -inurl:(search|favorites|status|statuses|jobs) -intitle:(job|jobs) -recruiter -HR -careers "New Hampshire" "gmail.com" "diner"
site:twitter.com -inurl:(search|favorites|status|statuses|jobs) -intitle:(job|jobs) -recruiter -HR -careers "New Hampshire" "gmail.com" "dinner"
site:twitter.com -inurl:(search|favorites|status|statuses|jobs) -intitle:(job|jobs) -recruiter -HR -careers "New Hampshire" "gmail.com" "Disney"
site:twitter.com -inurl:(search|favorites|status|statuses|jobs) -intitle:(job|jobs) -recruiter -HR -careers "New Hampshire" "gmail.com" "doctor"
site:twitter.com -inurl:(search|favorites|status|statuses|jobs) -intitle:(job|jobs) -recruiter -HR -careers "New Hampshire" "gmail.com" "dog"
site:twitter.com -inurl:(search|favorites|status|statuses|jobs) -intitle:(job|jobs) -recruiter -HR -careers "New Hampshire" "gmail.com" "dogs"
site:twitter.com -inurl:(search|favorites|status|statuses|jobs) -intitle:(job|jobs) -recruiter -HR -careers "New Hampshire" "gmail.com" "dominos"
site:twitter.com -inurl:(search|favorites|status|statuses|jobs) -intitle:(job|jobs) -recruiter -HR -careers "New Hampshire" "gmail.com" "donut"
site:twitter.com -inurl:(search|favorites|status|statuses|jobs) -intitle:(job|jobs) -recruiter -HR -careers "New Hampshire" "gmail.com" "Doughnut"
site:twitter.com -inurl:(search|favorites|status|statuses|jobs) -intitle:(job|jobs) -recruiter -HR -careers "New Hampshire" "gmail.com" "Dumpling"
site:twitter.com -inurl:(search|favorites|status|statuses|jobs) -intitle:(job|jobs) -recruiter -HR -careers "New Hampshire" "gmail.com" "Dumplings"
site:twitter.com -inurl:(search|favorites|status|statuses|jobs) -intitle:(job|jobs) -recruiter -HR -careers "New Hampshire" "gmail.com" "eagle"
site:twitter.com -inurl:(search|favorites|status|statuses|jobs) -intitle:(job|jobs) -recruiter -HR -careers "New Hampshire" "gmail.com" "earring "
site:twitter.com -inurl:(search|favorites|status|statuses|jobs) -intitle:(job|jobs) -recruiter -HR -careers "New Hampshire" "gmail.com" "earrings"
site:twitter.com -inurl:(search|favorites|status|statuses|jobs) -intitle:(job|jobs) -recruiter -HR -careers "New Hampshire" "gmail.com" "east"
site:twitter.com -inurl:(search|favorites|status|statuses|jobs) -intitle:(job|jobs) -recruiter -HR -careers "New Hampshire" "gmail.com" "elegant"
site:twitter.com -inurl:(search|favorites|status|statuses|jobs) -intitle:(job|jobs) -recruiter -HR -careers "New Hampshire" "gmail.com" "empire"
site:twitter.com -inurl:(search|favorites|status|statuses|jobs) -intitle:(job|jobs) -recruiter -HR -careers "New Hampshire" "gmail.com" "engage"
site:twitter.com -inurl:(search|favorites|status|statuses|jobs) -intitle:(job|jobs) -recruiter -HR -careers "New Hampshire" "gmail.com" "engaging"
site:twitter.com -inurl:(search|favorites|status|statuses|jobs) -intitle:(job|jobs) -recruiter -HR -careers "New Hampshire" "gmail.com" "environment"
site:twitter.com -inurl:(search|favorites|status|statuses|jobs) -intitle:(job|jobs) -recruiter -HR -careers "New Hampshire" "gmail.com" "fabulous"
site:twitter.com -inurl:(search|favorites|status|statuses|jobs) -intitle:(job|jobs) -recruiter -HR -careers "New Hampshire" "gmail.com" "facebook"
site:twitter.com -inurl:(search|favorites|status|statuses|jobs) -intitle:(job|jobs) -recruiter -HR -careers "New Hampshire" "gmail.com" "fair"
site:twitter.com -inurl:(search|favorites|status|statuses|jobs) -intitle:(job|jobs) -recruiter -HR -careers "New Hampshire" "gmail.com" "fantastic"
site:twitter.com -inurl:(search|favorites|status|statuses|jobs) -intitle:(job|jobs) -recruiter -HR -careers "New Hampshire" "gmail.com" "fast food"
site:twitter.com -inurl:(search|favorites|status|statuses|jobs) -intitle:(job|jobs) -recruiter -HR -careers "New Hampshire" "gmail.com" "father"
site:twitter.com -inurl:(search|favorites|status|statuses|jobs) -intitle:(job|jobs) -recruiter -HR -careers "New Hampshire" "gmail.com" "female"
site:twitter.com -inurl:(search|favorites|status|statuses|jobs) -intitle:(job|jobs) -recruiter -HR -careers "New Hampshire" "gmail.com" "females"
site:twitter.com -inurl:(search|favorites|status|statuses|jobs) -intitle:(job|jobs) -recruiter -HR -careers "New Hampshire" "gmail.com" "feminine"
site:twitter.com -inurl:(search|favorites|status|statuses|jobs) -intitle:(job|jobs) -recruiter -HR -careers "New Hampshire" "gmail.com" "feminism"
site:twitter.com -inurl:(search|favorites|status|statuses|jobs) -intitle:(job|jobs) -recruiter -HR -careers "New Hampshire" "gmail.com" "Ferry"
site:twitter.com -inurl:(search|favorites|status|statuses|jobs) -intitle:(job|jobs) -recruiter -HR -careers "New Hampshire" "gmail.com" "festival"
site:twitter.com -inurl:(search|favorites|status|statuses|jobs) -intitle:(job|jobs) -recruiter -HR -careers "New Hampshire" "gmail.com" "festivals"
site:twitter.com -inurl:(search|favorites|status|statuses|jobs) -intitle:(job|jobs) -recruiter -HR -careers "New Hampshire" "gmail.com" "fishing"
site:twitter.com -inurl:(search|favorites|status|statuses|jobs) -intitle:(job|jobs) -recruiter -HR -careers "New Hampshire" "gmail.com" "fitness"
site:twitter.com -inurl:(search|favorites|status|statuses|jobs) -intitle:(job|jobs) -recruiter -HR -careers "New Hampshire" "gmail.com" "flag"
site:twitter.com -inurl:(search|favorites|status|statuses|jobs) -intitle:(job|jobs) -recruiter -HR -careers "New Hampshire" "gmail.com" "food"
site:twitter.com -inurl:(search|favorites|status|statuses|jobs) -intitle:(job|jobs) -recruiter -HR -careers "New Hampshire" "gmail.com" "foodie"
site:twitter.com -inurl:(search|favorites|status|statuses|jobs) -intitle:(job|jobs) -recruiter -HR -careers "New Hampshire" "gmail.com" "football"
site:twitter.com -inurl:(search|favorites|status|statuses|jobs) -intitle:(job|jobs) -recruiter -HR -careers "New Hampshire" "gmail.com" "Friday"
site:twitter.com -inurl:(search|favorites|status|statuses|jobs) -intitle:(job|jobs) -recruiter -HR -careers "New Hampshire" "gmail.com" "Fridays"
site:twitter.com -inurl:(search|favorites|status|statuses|jobs) -intitle:(job|jobs) -recruiter -HR -careers "New Hampshire" "gmail.com" "friend"
site:twitter.com -inurl:(search|favorites|status|statuses|jobs) -intitle:(job|jobs) -recruiter -HR -careers "New Hampshire" "gmail.com" "friends"
site:twitter.com -inurl:(search|favorites|status|statuses|jobs) -intitle:(job|jobs) -recruiter -HR -careers "New Hampshire" "gmail.com" "fruit"
site:twitter.com -inurl:(search|favorites|status|statuses|jobs) -intitle:(job|jobs) -recruiter -HR -careers "New Hampshire" "gmail.com" "fruits"
site:twitter.com -inurl:(search|favorites|status|statuses|jobs) -intitle:(job|jobs) -recruiter -HR -careers "New Hampshire" "gmail.com" "fund"
site:twitter.com -inurl:(search|favorites|status|statuses|jobs) -intitle:(job|jobs) -recruiter -HR -careers "New Hampshire" "gmail.com" "funds"
site:twitter.com -inurl:(search|favorites|status|statuses|jobs) -intitle:(job|jobs) -recruiter -HR -careers "New Hampshire" "gmail.com" "funny"
site:twitter.com -inurl:(search|favorites|status|statuses|jobs) -intitle:(job|jobs) -recruiter -HR -careers "New Hampshire" "gmail.com" "Gamble"
site:twitter.com -inurl:(search|favorites|status|statuses|jobs) -intitle:(job|jobs) -recruiter -HR -careers "New Hampshire" "gmail.com" "girlfriend"
site:twitter.com -inurl:(search|favorites|status|statuses|jobs) -intitle:(job|jobs) -recruiter -HR -careers "New Hampshire" "gmail.com" "girlfriends"
site:twitter.com -inurl:(search|favorites|status|statuses|jobs) -intitle:(job|jobs) -recruiter -HR -careers "New Hampshire" "gmail.com" "giveaway"
site:twitter.com -inurl:(search|favorites|status|statuses|jobs) -intitle:(job|jobs) -recruiter -HR -careers "New Hampshire" "gmail.com" "giveaways"
site:twitter.com -inurl:(search|favorites|status|statuses|jobs) -intitle:(job|jobs) -recruiter -HR -careers "New Hampshire" "gmail.com" "gm"
site:twitter.com -inurl:(search|favorites|status|statuses|jobs) -intitle:(job|jobs) -recruiter -HR -careers "New Hampshire" "gmail.com" "gold"
site:twitter.com -inurl:(search|favorites|status|statuses|jobs) -intitle:(job|jobs) -recruiter -HR -careers "New Hampshire" "gmail.com" "Golden"
site:twitter.com -inurl:(search|favorites|status|statuses|jobs) -intitle:(job|jobs) -recruiter -HR -careers "New Hampshire" "gmail.com" "golf"
site:twitter.com -inurl:(search|favorites|status|statuses|jobs) -intitle:(job|jobs) -recruiter -HR -careers "New Hampshire" "gmail.com" "google"
site:twitter.com -inurl:(search|favorites|status|statuses|jobs) -intitle:(job|jobs) -recruiter -HR -careers "New Hampshire" "gmail.com" "gorgeous"
site:twitter.com -inurl:(search|favorites|status|statuses|jobs) -intitle:(job|jobs) -recruiter -HR -careers "New Hampshire" "gmail.com" "gum"
site:twitter.com -inurl:(search|favorites|status|statuses|jobs) -intitle:(job|jobs) -recruiter -HR -careers "New Hampshire" "gmail.com" "gun"
site:twitter.com -inurl:(search|favorites|status|statuses|jobs) -intitle:(job|jobs) -recruiter -HR -careers "New Hampshire" "gmail.com" "guns"
site:twitter.com -inurl:(search|favorites|status|statuses|jobs) -intitle:(job|jobs) -recruiter -HR -careers "New Hampshire" "gmail.com" "gym"
site:twitter.com -inurl:(search|favorites|status|statuses|jobs) -intitle:(job|jobs) -recruiter -HR -careers "New Hampshire" "gmail.com" "hair"
site:twitter.com -inurl:(search|favorites|status|statuses|jobs) -intitle:(job|jobs) -recruiter -HR -careers "New Hampshire" "gmail.com" "hair color"
site:twitter.com -inurl:(search|favorites|status|statuses|jobs) -intitle:(job|jobs) -recruiter -HR -careers "New Hampshire" "gmail.com" "halloween"
site:twitter.com -inurl:(search|favorites|status|statuses|jobs) -intitle:(job|jobs) -recruiter -HR -careers "New Hampshire" "gmail.com" "Hamburger"
site:twitter.com -inurl:(search|favorites|status|statuses|jobs) -intitle:(job|jobs) -recruiter -HR -careers "New Hampshire" "gmail.com" "Harbor"
site:twitter.com -inurl:(search|favorites|status|statuses|jobs) -intitle:(job|jobs) -recruiter -HR -careers "New Hampshire" "gmail.com" "hat"
site:twitter.com -inurl:(search|favorites|status|statuses|jobs) -intitle:(job|jobs) -recruiter -HR -careers "New Hampshire" "gmail.com" "heroine"
site:twitter.com -inurl:(search|favorites|status|statuses|jobs) -intitle:(job|jobs) -recruiter -HR -careers "New Hampshire" "gmail.com" "history"
site:twitter.com -inurl:(search|favorites|status|statuses|jobs) -intitle:(job|jobs) -recruiter -HR -careers "New Hampshire" "gmail.com" "hollywood"
site:twitter.com -inurl:(search|favorites|status|statuses|jobs) -intitle:(job|jobs) -recruiter -HR -careers "New Hampshire" "gmail.com" "Home Depot"
site:twitter.com -inurl:(search|favorites|status|statuses|jobs) -intitle:(job|jobs) -recruiter -HR -careers "New Hampshire" "gmail.com" "honey"
site:twitter.com -inurl:(search|favorites|status|statuses|jobs) -intitle:(job|jobs) -recruiter -HR -careers "New Hampshire" "gmail.com" "Honolulu"
site:twitter.com -inurl:(search|favorites|status|statuses|jobs) -intitle:(job|jobs) -recruiter -HR -careers "New Hampshire" "gmail.com" "hot"
site:twitter.com -inurl:(search|favorites|status|statuses|jobs) -intitle:(job|jobs) -recruiter -HR -careers "New Hampshire" "gmail.com" "hot dog"
site:twitter.com -inurl:(search|favorites|status|statuses|jobs) -intitle:(job|jobs) -recruiter -HR -careers "New Hampshire" "gmail.com" "hot dogs"
site:twitter.com -inurl:(search|favorites|status|statuses|jobs) -intitle:(job|jobs) -recruiter -HR -careers "New Hampshire" "gmail.com" "hotel"
site:twitter.com -inurl:(search|favorites|status|statuses|jobs) -intitle:(job|jobs) -recruiter -HR -careers "New Hampshire" "gmail.com" "hotels"
site:twitter.com -inurl:(search|favorites|status|statuses|jobs) -intitle:(job|jobs) -recruiter -HR -careers "New Hampshire" "gmail.com" "hunt"
site:twitter.com -inurl:(search|favorites|status|statuses|jobs) -intitle:(job|jobs) -recruiter -HR -careers "New Hampshire" "gmail.com" "hunting"
site:twitter.com -inurl:(search|favorites|status|statuses|jobs) -intitle:(job|jobs) -recruiter -HR -careers "New Hampshire" "gmail.com" "ice"
site:twitter.com -inurl:(search|favorites|status|statuses|jobs) -intitle:(job|jobs) -recruiter -HR -careers "New Hampshire" "gmail.com" "ice cream"
site:twitter.com -inurl:(search|favorites|status|statuses|jobs) -intitle:(job|jobs) -recruiter -HR -careers "New Hampshire" "gmail.com" "Ice Skate "
site:twitter.com -inurl:(search|favorites|status|statuses|jobs) -intitle:(job|jobs) -recruiter -HR -careers "New Hampshire" "gmail.com" "icecream"
site:twitter.com -inurl:(search|favorites|status|statuses|jobs) -intitle:(job|jobs) -recruiter -HR -careers "New Hampshire" "gmail.com" "icloud"
site:twitter.com -inurl:(search|favorites|status|statuses|jobs) -intitle:(job|jobs) -recruiter -HR -careers "New Hampshire" "gmail.com" "Independence Day"
site:twitter.com -inurl:(search|favorites|status|statuses|jobs) -intitle:(job|jobs) -recruiter -HR -careers "New Hampshire" "gmail.com" "instagram"
site:twitter.com -inurl:(search|favorites|status|statuses|jobs) -intitle:(job|jobs) -recruiter -HR -careers "New Hampshire" "gmail.com" "Intel"
site:twitter.com -inurl:(search|favorites|status|statuses|jobs) -intitle:(job|jobs) -recruiter -HR -careers "New Hampshire" "gmail.com" "ipad"
site:twitter.com -inurl:(search|favorites|status|statuses|jobs) -intitle:(job|jobs) -recruiter -HR -careers "New Hampshire" "gmail.com" "iphone"
site:twitter.com -inurl:(search|favorites|status|statuses|jobs) -intitle:(job|jobs) -recruiter -HR -careers "New Hampshire" "gmail.com" "iron man"
site:twitter.com -inurl:(search|favorites|status|statuses|jobs) -intitle:(job|jobs) -recruiter -HR -careers "New Hampshire" "gmail.com" "Island"
site:twitter.com -inurl:(search|favorites|status|statuses|jobs) -intitle:(job|jobs) -recruiter -HR -careers "New Hampshire" "gmail.com" "jewelry"
site:twitter.com -inurl:(search|favorites|status|statuses|jobs) -intitle:(job|jobs) -recruiter -HR -careers "New Hampshire" "gmail.com" "Johnson"
site:twitter.com -inurl:(search|favorites|status|statuses|jobs) -intitle:(job|jobs) -recruiter -HR -careers "New Hampshire" "gmail.com" "Karaoke "
site:twitter.com -inurl:(search|favorites|status|statuses|jobs) -intitle:(job|jobs) -recruiter -HR -careers "New Hampshire" "gmail.com" "Labor Day"
site:twitter.com -inurl:(search|favorites|status|statuses|jobs) -intitle:(job|jobs) -recruiter -HR -careers "New Hampshire" "gmail.com" "ladies"
site:twitter.com -inurl:(search|favorites|status|statuses|jobs) -intitle:(job|jobs) -recruiter -HR -careers "New Hampshire" "gmail.com" "lady"
site:twitter.com -inurl:(search|favorites|status|statuses|jobs) -intitle:(job|jobs) -recruiter -HR -careers "New Hampshire" "gmail.com" "lake"
site:twitter.com -inurl:(search|favorites|status|statuses|jobs) -intitle:(job|jobs) -recruiter -HR -careers "New Hampshire" "gmail.com" "lakes"
site:twitter.com -inurl:(search|favorites|status|statuses|jobs) -intitle:(job|jobs) -recruiter -HR -careers "New Hampshire" "gmail.com" "lego"
site:twitter.com -inurl:(search|favorites|status|statuses|jobs) -intitle:(job|jobs) -recruiter -HR -careers "New Hampshire" "gmail.com" "lesbian"
site:twitter.com -inurl:(search|favorites|status|statuses|jobs) -intitle:(job|jobs) -recruiter -HR -careers "New Hampshire" "gmail.com" "lodge"
site:twitter.com -inurl:(search|favorites|status|statuses|jobs) -intitle:(job|jobs) -recruiter -HR -careers "New Hampshire" "gmail.com" "love"
site:twitter.com -inurl:(search|favorites|status|statuses|jobs) -intitle:(job|jobs) -recruiter -HR -careers "New Hampshire" "gmail.com" "lovely"
site:twitter.com -inurl:(search|favorites|status|statuses|jobs) -intitle:(job|jobs) -recruiter -HR -careers "New Hampshire" "gmail.com" "loves"
site:twitter.com -inurl:(search|favorites|status|statuses|jobs) -intitle:(job|jobs) -recruiter -HR -careers "New Hampshire" "gmail.com" "lunch"
site:twitter.com -inurl:(search|favorites|status|statuses|jobs) -intitle:(job|jobs) -recruiter -HR -careers "New Hampshire" "gmail.com" "luxurious"
site:twitter.com -inurl:(search|favorites|status|statuses|jobs) -intitle:(job|jobs) -recruiter -HR -careers "New Hampshire" "gmail.com" "luxury"
site:twitter.com -inurl:(search|favorites|status|statuses|jobs) -intitle:(job|jobs) -recruiter -HR -careers "New Hampshire" "gmail.com" "mac"
site:twitter.com -inurl:(search|favorites|status|statuses|jobs) -intitle:(job|jobs) -recruiter -HR -careers "New Hampshire" "gmail.com" "madam"
site:twitter.com -inurl:(search|favorites|status|statuses|jobs) -intitle:(job|jobs) -recruiter -HR -careers "New Hampshire" "gmail.com" "magnificent"
site:twitter.com -inurl:(search|favorites|status|statuses|jobs) -intitle:(job|jobs) -recruiter -HR -careers "New Hampshire" "gmail.com" "makeup"
site:twitter.com -inurl:(search|favorites|status|statuses|jobs) -intitle:(job|jobs) -recruiter -HR -careers "New Hampshire" "gmail.com" "male"
site:twitter.com -inurl:(search|favorites|status|statuses|jobs) -intitle:(job|jobs) -recruiter -HR -careers "New Hampshire" "gmail.com" "mall"
site:twitter.com -inurl:(search|favorites|status|statuses|jobs) -intitle:(job|jobs) -recruiter -HR -careers "New Hampshire" "gmail.com" "mam"
site:twitter.com -inurl:(search|favorites|status|statuses|jobs) -intitle:(job|jobs) -recruiter -HR -careers "New Hampshire" "gmail.com" "marine"
site:twitter.com -inurl:(search|favorites|status|statuses|jobs) -intitle:(job|jobs) -recruiter -HR -careers "New Hampshire" "gmail.com" "marvel"
site:twitter.com -inurl:(search|favorites|status|statuses|jobs) -intitle:(job|jobs) -recruiter -HR -careers "New Hampshire" "gmail.com" "Mcdonald"
site:twitter.com -inurl:(search|favorites|status|statuses|jobs) -intitle:(job|jobs) -recruiter -HR -careers "New Hampshire" "gmail.com" "meme"
site:twitter.com -inurl:(search|favorites|status|statuses|jobs) -intitle:(job|jobs) -recruiter -HR -careers "New Hampshire" "gmail.com" "memes"
site:twitter.com -inurl:(search|favorites|status|statuses|jobs) -intitle:(job|jobs) -recruiter -HR -careers "New Hampshire" "gmail.com" "Memorial"
site:twitter.com -inurl:(search|favorites|status|statuses|jobs) -intitle:(job|jobs) -recruiter -HR -careers "New Hampshire" "gmail.com" "Memorial Day"
site:twitter.com -inurl:(search|favorites|status|statuses|jobs) -intitle:(job|jobs) -recruiter -HR -careers "New Hampshire" "gmail.com" "Microsoft"
site:twitter.com -inurl:(search|favorites|status|statuses|jobs) -intitle:(job|jobs) -recruiter -HR -careers "New Hampshire" "gmail.com" "milf"
site:twitter.com -inurl:(search|favorites|status|statuses|jobs) -intitle:(job|jobs) -recruiter -HR -careers "New Hampshire" "gmail.com" "military"
site:twitter.com -inurl:(search|favorites|status|statuses|jobs) -intitle:(job|jobs) -recruiter -HR -careers "New Hampshire" "gmail.com" "milkshakes"
site:twitter.com -inurl:(search|favorites|status|statuses|jobs) -intitle:(job|jobs) -recruiter -HR -careers "New Hampshire" "gmail.com" "million"
site:twitter.com -inurl:(search|favorites|status|statuses|jobs) -intitle:(job|jobs) -recruiter -HR -careers "New Hampshire" "gmail.com" "millions"
site:twitter.com -inurl:(search|favorites|status|statuses|jobs) -intitle:(job|jobs) -recruiter -HR -careers "New Hampshire" "gmail.com" "mistress"
site:twitter.com -inurl:(search|favorites|status|statuses|jobs) -intitle:(job|jobs) -recruiter -HR -careers "New Hampshire" "gmail.com" "mobile"
site:twitter.com -inurl:(search|favorites|status|statuses|jobs) -intitle:(job|jobs) -recruiter -HR -careers "New Hampshire" "gmail.com" "mom"
site:twitter.com -inurl:(search|favorites|status|statuses|jobs) -intitle:(job|jobs) -recruiter -HR -careers "New Hampshire" "gmail.com" "mommy"
site:twitter.com -inurl:(search|favorites|status|statuses|jobs) -intitle:(job|jobs) -recruiter -HR -careers "New Hampshire" "gmail.com" "Monday"
site:twitter.com -inurl:(search|favorites|status|statuses|jobs) -intitle:(job|jobs) -recruiter -HR -careers "New Hampshire" "gmail.com" "Mondays"
site:twitter.com -inurl:(search|favorites|status|statuses|jobs) -intitle:(job|jobs) -recruiter -HR -careers "New Hampshire" "gmail.com" "money"
site:twitter.com -inurl:(search|favorites|status|statuses|jobs) -intitle:(job|jobs) -recruiter -HR -careers "New Hampshire" "gmail.com" "month"
site:twitter.com -inurl:(search|favorites|status|statuses|jobs) -intitle:(job|jobs) -recruiter -HR -careers "New Hampshire" "gmail.com" "months"
site:twitter.com -inurl:(search|favorites|status|statuses|jobs) -intitle:(job|jobs) -recruiter -HR -careers "New Hampshire" "gmail.com" "morning"
site:twitter.com -inurl:(search|favorites|status|statuses|jobs) -intitle:(job|jobs) -recruiter -HR -careers "New Hampshire" "gmail.com" "mother"
site:twitter.com -inurl:(search|favorites|status|statuses|jobs) -intitle:(job|jobs) -recruiter -HR -careers "New Hampshire" "gmail.com" "Mount"
site:twitter.com -inurl:(search|favorites|status|statuses|jobs) -intitle:(job|jobs) -recruiter -HR -careers "New Hampshire" "gmail.com" "movie"
site:twitter.com -inurl:(search|favorites|status|statuses|jobs) -intitle:(job|jobs) -recruiter -HR -careers "New Hampshire" "gmail.com" "movies"
site:twitter.com -inurl:(search|favorites|status|statuses|jobs) -intitle:(job|jobs) -recruiter -HR -careers "New Hampshire" "gmail.com" "mrs"
site:twitter.com -inurl:(search|favorites|status|statuses|jobs) -intitle:(job|jobs) -recruiter -HR -careers "New Hampshire" "gmail.com" "ms"
site:twitter.com -inurl:(search|favorites|status|statuses|jobs) -intitle:(job|jobs) -recruiter -HR -careers "New Hampshire" "gmail.com" "museum"
site:twitter.com -inurl:(search|favorites|status|statuses|jobs) -intitle:(job|jobs) -recruiter -HR -careers "New Hampshire" "gmail.com" "music"
site:twitter.com -inurl:(search|favorites|status|statuses|jobs) -intitle:(job|jobs) -recruiter -HR -careers "New Hampshire" "gmail.com" "musician"
site:twitter.com -inurl:(search|favorites|status|statuses|jobs) -intitle:(job|jobs) -recruiter -HR -careers "New Hampshire" "gmail.com" "nasa"
site:twitter.com -inurl:(search|favorites|status|statuses|jobs) -intitle:(job|jobs) -recruiter -HR -careers "New Hampshire" "gmail.com" "nature"
site:twitter.com -inurl:(search|favorites|status|statuses|jobs) -intitle:(job|jobs) -recruiter -HR -careers "New Hampshire" "gmail.com" "navy"
site:twitter.com -inurl:(search|favorites|status|statuses|jobs) -intitle:(job|jobs) -recruiter -HR -careers "New Hampshire" "gmail.com" "necklace"
site:twitter.com -inurl:(search|favorites|status|statuses|jobs) -intitle:(job|jobs) -recruiter -HR -careers "New Hampshire" "gmail.com" "Netflix"
site:twitter.com -inurl:(search|favorites|status|statuses|jobs) -intitle:(job|jobs) -recruiter -HR -careers "New Hampshire" "gmail.com" "New Year"
site:twitter.com -inurl:(search|favorites|status|statuses|jobs) -intitle:(job|jobs) -recruiter -HR -careers "New Hampshire" "gmail.com" "night"
site:twitter.com -inurl:(search|favorites|status|statuses|jobs) -intitle:(job|jobs) -recruiter -HR -careers "New Hampshire" "gmail.com" "nights"
site:twitter.com -inurl:(search|favorites|status|statuses|jobs) -intitle:(job|jobs) -recruiter -HR -careers "New Hampshire" "gmail.com" "Nike"
site:twitter.com -inurl:(search|favorites|status|statuses|jobs) -intitle:(job|jobs) -recruiter -HR -careers "New Hampshire" "gmail.com" "noon"
site:twitter.com -inurl:(search|favorites|status|statuses|jobs) -intitle:(job|jobs) -recruiter -HR -careers "New Hampshire" "gmail.com" "north"
site:twitter.com -inurl:(search|favorites|status|statuses|jobs) -intitle:(job|jobs) -recruiter -HR -careers "New Hampshire" "gmail.com" "nurse"
site:twitter.com -inurl:(search|favorites|status|statuses|jobs) -intitle:(job|jobs) -recruiter -HR -careers "New Hampshire" "gmail.com" "ocean"
site:twitter.com -inurl:(search|favorites|status|statuses|jobs) -intitle:(job|jobs) -recruiter -HR -careers "New Hampshire" "gmail.com" "Oracle"
site:twitter.com -inurl:(search|favorites|status|statuses|jobs) -intitle:(job|jobs) -recruiter -HR -careers "New Hampshire" "gmail.com" "Pacific Ocean"
site:twitter.com -inurl:(search|favorites|status|statuses|jobs) -intitle:(job|jobs) -recruiter -HR -careers "New Hampshire" "gmail.com" "panda"
site:twitter.com -inurl:(search|favorites|status|statuses|jobs) -intitle:(job|jobs) -recruiter -HR -careers "New Hampshire" "gmail.com" "park"
site:twitter.com -inurl:(search|favorites|status|statuses|jobs) -intitle:(job|jobs) -recruiter -HR -careers "New Hampshire" "gmail.com" "parks"
site:twitter.com -inurl:(search|favorites|status|statuses|jobs) -intitle:(job|jobs) -recruiter -HR -careers "New Hampshire" "gmail.com" "parties"
site:twitter.com -inurl:(search|favorites|status|statuses|jobs) -intitle:(job|jobs) -recruiter -HR -careers "New Hampshire" "gmail.com" "party"
site:twitter.com -inurl:(search|favorites|status|statuses|jobs) -intitle:(job|jobs) -recruiter -HR -careers "New Hampshire" "gmail.com" "pasta"
site:twitter.com -inurl:(search|favorites|status|statuses|jobs) -intitle:(job|jobs) -recruiter -HR -careers "New Hampshire" "gmail.com" "PayPal"
site:twitter.com -inurl:(search|favorites|status|statuses|jobs) -intitle:(job|jobs) -recruiter -HR -careers "New Hampshire" "gmail.com" "peanut butter"
site:twitter.com -inurl:(search|favorites|status|statuses|jobs) -intitle:(job|jobs) -recruiter -HR -careers "New Hampshire" "gmail.com" "Pearl"
site:twitter.com -inurl:(search|favorites|status|statuses|jobs) -intitle:(job|jobs) -recruiter -HR -careers "New Hampshire" "gmail.com" "Pepsi"
site:twitter.com -inurl:(search|favorites|status|statuses|jobs) -intitle:(job|jobs) -recruiter -HR -careers "New Hampshire" "gmail.com" "phone"
site:twitter.com -inurl:(search|favorites|status|statuses|jobs) -intitle:(job|jobs) -recruiter -HR -careers "New Hampshire" "gmail.com" "Picnic"
site:twitter.com -inurl:(search|favorites|status|statuses|jobs) -intitle:(job|jobs) -recruiter -HR -careers "New Hampshire" "gmail.com" "pizza"
site:twitter.com -inurl:(search|favorites|status|statuses|jobs) -intitle:(job|jobs) -recruiter -HR -careers "New Hampshire" "gmail.com" "platinum"
site:twitter.com -inurl:(search|favorites|status|statuses|jobs) -intitle:(job|jobs) -recruiter -HR -careers "New Hampshire" "gmail.com" "poker"
site:twitter.com -inurl:(search|favorites|status|statuses|jobs) -intitle:(job|jobs) -recruiter -HR -careers "New Hampshire" "gmail.com" "pork"
site:twitter.com -inurl:(search|favorites|status|statuses|jobs) -intitle:(job|jobs) -recruiter -HR -careers "New Hampshire" "gmail.com" "post"
site:twitter.com -inurl:(search|favorites|status|statuses|jobs) -intitle:(job|jobs) -recruiter -HR -careers "New Hampshire" "gmail.com" "pregnant"
site:twitter.com -inurl:(search|favorites|status|statuses|jobs) -intitle:(job|jobs) -recruiter -HR -careers "New Hampshire" "gmail.com" "pretty"
site:twitter.com -inurl:(search|favorites|status|statuses|jobs) -intitle:(job|jobs) -recruiter -HR -careers "New Hampshire" "gmail.com" "princess"
site:twitter.com -inurl:(search|favorites|status|statuses|jobs) -intitle:(job|jobs) -recruiter -HR -careers "New Hampshire" "gmail.com" "prom"
site:twitter.com -inurl:(search|favorites|status|statuses|jobs) -intitle:(job|jobs) -recruiter -HR -careers "New Hampshire" "gmail.com" "prostitute"
site:twitter.com -inurl:(search|favorites|status|statuses|jobs) -intitle:(job|jobs) -recruiter -HR -careers "New Hampshire" "gmail.com" "pub"
site:twitter.com -inurl:(search|favorites|status|statuses|jobs) -intitle:(job|jobs) -recruiter -HR -careers "New Hampshire" "gmail.com" "queen"
site:twitter.com -inurl:(search|favorites|status|statuses|jobs) -intitle:(job|jobs) -recruiter -HR -careers "New Hampshire" "gmail.com" "ranger"
site:twitter.com -inurl:(search|favorites|status|statuses|jobs) -intitle:(job|jobs) -recruiter -HR -careers "New Hampshire" "gmail.com" "recipe"
site:twitter.com -inurl:(search|favorites|status|statuses|jobs) -intitle:(job|jobs) -recruiter -HR -careers "New Hampshire" "gmail.com" "recipes"
site:twitter.com -inurl:(search|favorites|status|statuses|jobs) -intitle:(job|jobs) -recruiter -HR -careers "New Hampshire" "gmail.com" "redhead"
site:twitter.com -inurl:(search|favorites|status|statuses|jobs) -intitle:(job|jobs) -recruiter -HR -careers "New Hampshire" "gmail.com" "republican"
site:twitter.com -inurl:(search|favorites|status|statuses|jobs) -intitle:(job|jobs) -recruiter -HR -careers "New Hampshire" "gmail.com" "republican party"
site:twitter.com -inurl:(search|favorites|status|statuses|jobs) -intitle:(job|jobs) -recruiter -HR -careers "New Hampshire" "gmail.com" "resort"
site:twitter.com -inurl:(search|favorites|status|statuses|jobs) -intitle:(job|jobs) -recruiter -HR -careers "New Hampshire" "gmail.com" "riding"
site:twitter.com -inurl:(search|favorites|status|statuses|jobs) -intitle:(job|jobs) -recruiter -HR -careers "New Hampshire" "gmail.com" "ring"
site:twitter.com -inurl:(search|favorites|status|statuses|jobs) -intitle:(job|jobs) -recruiter -HR -careers "New Hampshire" "gmail.com" "roadtrip"
site:twitter.com -inurl:(search|favorites|status|statuses|jobs) -intitle:(job|jobs) -recruiter -HR -careers "New Hampshire" "gmail.com" "rose "
site:twitter.com -inurl:(search|favorites|status|statuses|jobs) -intitle:(job|jobs) -recruiter -HR -careers "New Hampshire" "gmail.com" "roses"
site:twitter.com -inurl:(search|favorites|status|statuses|jobs) -intitle:(job|jobs) -recruiter -HR -careers "New Hampshire" "gmail.com" "Sailing"
site:twitter.com -inurl:(search|favorites|status|statuses|jobs) -intitle:(job|jobs) -recruiter -HR -careers "New Hampshire" "gmail.com" "Salmon"
site:twitter.com -inurl:(search|favorites|status|statuses|jobs) -intitle:(job|jobs) -recruiter -HR -careers "New Hampshire" "gmail.com" "saloon"
site:twitter.com -inurl:(search|favorites|status|statuses|jobs) -intitle:(job|jobs) -recruiter -HR -careers "New Hampshire" "gmail.com" "samsung"
site:twitter.com -inurl:(search|favorites|status|statuses|jobs) -intitle:(job|jobs) -recruiter -HR -careers "New Hampshire" "gmail.com" "sandwich"
site:twitter.com -inurl:(search|favorites|status|statuses|jobs) -intitle:(job|jobs) -recruiter -HR -careers "New Hampshire" "gmail.com" "sandwiches"
site:twitter.com -inurl:(search|favorites|status|statuses|jobs) -intitle:(job|jobs) -recruiter -HR -careers "New Hampshire" "gmail.com" "Saturday"
site:twitter.com -inurl:(search|favorites|status|statuses|jobs) -intitle:(job|jobs) -recruiter -HR -careers "New Hampshire" "gmail.com" "Saturdays"
site:twitter.com -inurl:(search|favorites|status|statuses|jobs) -intitle:(job|jobs) -recruiter -HR -careers "New Hampshire" "gmail.com" "sea"
site:twitter.com -inurl:(search|favorites|status|statuses|jobs) -intitle:(job|jobs) -recruiter -HR -careers "New Hampshire" "gmail.com" "Seaport"
site:twitter.com -inurl:(search|favorites|status|statuses|jobs) -intitle:(job|jobs) -recruiter -HR -careers "New Hampshire" "gmail.com" "sex"
site:twitter.com -inurl:(search|favorites|status|statuses|jobs) -intitle:(job|jobs) -recruiter -HR -careers "New Hampshire" "gmail.com" "sexual"
site:twitter.com -inurl:(search|favorites|status|statuses|jobs) -intitle:(job|jobs) -recruiter -HR -careers "New Hampshire" "gmail.com" "sexy"
site:twitter.com -inurl:(search|favorites|status|statuses|jobs) -intitle:(job|jobs) -recruiter -HR -careers "New Hampshire" "gmail.com" "she"
site:twitter.com -inurl:(search|favorites|status|statuses|jobs) -intitle:(job|jobs) -recruiter -HR -careers "New Hampshire" "gmail.com" "ship"
site:twitter.com -inurl:(search|favorites|status|statuses|jobs) -intitle:(job|jobs) -recruiter -HR -careers "New Hampshire" "gmail.com" "ships"
site:twitter.com -inurl:(search|favorites|status|statuses|jobs) -intitle:(job|jobs) -recruiter -HR -careers "New Hampshire" "gmail.com" "shop"
site:twitter.com -inurl:(search|favorites|status|statuses|jobs) -intitle:(job|jobs) -recruiter -HR -careers "New Hampshire" "gmail.com" "shopper"
site:twitter.com -inurl:(search|favorites|status|statuses|jobs) -intitle:(job|jobs) -recruiter -HR -careers "New Hampshire" "gmail.com" "shopping"
site:twitter.com -inurl:(search|favorites|status|statuses|jobs) -intitle:(job|jobs) -recruiter -HR -careers "New Hampshire" "gmail.com" "shops"
site:twitter.com -inurl:(search|favorites|status|statuses|jobs) -intitle:(job|jobs) -recruiter -HR -careers "New Hampshire" "gmail.com" "shore"
site:twitter.com -inurl:(search|favorites|status|statuses|jobs) -intitle:(job|jobs) -recruiter -HR -careers "New Hampshire" "gmail.com" "silicon valley"
site:twitter.com -inurl:(search|favorites|status|statuses|jobs) -intitle:(job|jobs) -recruiter -HR -careers "New Hampshire" "gmail.com" "silver"
site:twitter.com -inurl:(search|favorites|status|statuses|jobs) -intitle:(job|jobs) -recruiter -HR -careers "New Hampshire" "gmail.com" "sing"
site:twitter.com -inurl:(search|favorites|status|statuses|jobs) -intitle:(job|jobs) -recruiter -HR -careers "New Hampshire" "gmail.com" "singer"
site:twitter.com -inurl:(search|favorites|status|statuses|jobs) -intitle:(job|jobs) -recruiter -HR -careers "New Hampshire" "gmail.com" "singing"
site:twitter.com -inurl:(search|favorites|status|statuses|jobs) -intitle:(job|jobs) -recruiter -HR -careers "New Hampshire" "gmail.com" "sister"
site:twitter.com -inurl:(search|favorites|status|statuses|jobs) -intitle:(job|jobs) -recruiter -HR -careers "New Hampshire" "gmail.com" "skin care"
site:twitter.com -inurl:(search|favorites|status|statuses|jobs) -intitle:(job|jobs) -recruiter -HR -careers "New Hampshire" "gmail.com" "skincare"
site:twitter.com -inurl:(search|favorites|status|statuses|jobs) -intitle:(job|jobs) -recruiter -HR -careers "New Hampshire" "gmail.com" "sky"
site:twitter.com -inurl:(search|favorites|status|statuses|jobs) -intitle:(job|jobs) -recruiter -HR -careers "New Hampshire" "gmail.com" "smartphone"
site:twitter.com -inurl:(search|favorites|status|statuses|jobs) -intitle:(job|jobs) -recruiter -HR -careers "New Hampshire" "gmail.com" "snapchat"
site:twitter.com -inurl:(search|favorites|status|statuses|jobs) -intitle:(job|jobs) -recruiter -HR -careers "New Hampshire" "gmail.com" "snow"
site:twitter.com -inurl:(search|favorites|status|statuses|jobs) -intitle:(job|jobs) -recruiter -HR -careers "New Hampshire" "gmail.com" "son"
site:twitter.com -inurl:(search|favorites|status|statuses|jobs) -intitle:(job|jobs) -recruiter -HR -careers "New Hampshire" "gmail.com" "sony"
site:twitter.com -inurl:(search|favorites|status|statuses|jobs) -intitle:(job|jobs) -recruiter -HR -careers "New Hampshire" "gmail.com" "soup"
site:twitter.com -inurl:(search|favorites|status|statuses|jobs) -intitle:(job|jobs) -recruiter -HR -careers "New Hampshire" "gmail.com" "south"
site:twitter.com -inurl:(search|favorites|status|statuses|jobs) -intitle:(job|jobs) -recruiter -HR -careers "New Hampshire" "gmail.com" "spa"
site:twitter.com -inurl:(search|favorites|status|statuses|jobs) -intitle:(job|jobs) -recruiter -HR -careers "New Hampshire" "gmail.com" "space"
site:twitter.com -inurl:(search|favorites|status|statuses|jobs) -intitle:(job|jobs) -recruiter -HR -careers "New Hampshire" "gmail.com" "spacex"
site:twitter.com -inurl:(search|favorites|status|statuses|jobs) -intitle:(job|jobs) -recruiter -HR -careers "New Hampshire" "gmail.com" "sport"
site:twitter.com -inurl:(search|favorites|status|statuses|jobs) -intitle:(job|jobs) -recruiter -HR -careers "New Hampshire" "gmail.com" "sports"
site:twitter.com -inurl:(search|favorites|status|statuses|jobs) -intitle:(job|jobs) -recruiter -HR -careers "New Hampshire" "gmail.com" "star"
site:twitter.com -inurl:(search|favorites|status|statuses|jobs) -intitle:(job|jobs) -recruiter -HR -careers "New Hampshire" "gmail.com" "star wars"
site:twitter.com -inurl:(search|favorites|status|statuses|jobs) -intitle:(job|jobs) -recruiter -HR -careers "New Hampshire" "gmail.com" "starbucks"
site:twitter.com -inurl:(search|favorites|status|statuses|jobs) -intitle:(job|jobs) -recruiter -HR -careers "New Hampshire" "gmail.com" "stars"
site:twitter.com -inurl:(search|favorites|status|statuses|jobs) -intitle:(job|jobs) -recruiter -HR -careers "New Hampshire" "gmail.com" "steak"
site:twitter.com -inurl:(search|favorites|status|statuses|jobs) -intitle:(job|jobs) -recruiter -HR -careers "New Hampshire" "gmail.com" "stock"
site:twitter.com -inurl:(search|favorites|status|statuses|jobs) -intitle:(job|jobs) -recruiter -HR -careers "New Hampshire" "gmail.com" "stunning"
site:twitter.com -inurl:(search|favorites|status|statuses|jobs) -intitle:(job|jobs) -recruiter -HR -careers "New Hampshire" "gmail.com" "Subway"
site:twitter.com -inurl:(search|favorites|status|statuses|jobs) -intitle:(job|jobs) -recruiter -HR -careers "New Hampshire" "gmail.com" "sugar"
site:twitter.com -inurl:(search|favorites|status|statuses|jobs) -intitle:(job|jobs) -recruiter -HR -careers "New Hampshire" "gmail.com" "Sunday"
site:twitter.com -inurl:(search|favorites|status|statuses|jobs) -intitle:(job|jobs) -recruiter -HR -careers "New Hampshire" "gmail.com" "Sundays"
site:twitter.com -inurl:(search|favorites|status|statuses|jobs) -intitle:(job|jobs) -recruiter -HR -careers "New Hampshire" "gmail.com" "superbowl"
site:twitter.com -inurl:(search|favorites|status|statuses|jobs) -intitle:(job|jobs) -recruiter -HR -careers "New Hampshire" "gmail.com" "surf"
site:twitter.com -inurl:(search|favorites|status|statuses|jobs) -intitle:(job|jobs) -recruiter -HR -careers "New Hampshire" "gmail.com" "swimming "
site:twitter.com -inurl:(search|favorites|status|statuses|jobs) -intitle:(job|jobs) -recruiter -HR -careers "New Hampshire" "gmail.com" "Symphony"
site:twitter.com -inurl:(search|favorites|status|statuses|jobs) -intitle:(job|jobs) -recruiter -HR -careers "New Hampshire" "gmail.com" "tattoo"
site:twitter.com -inurl:(search|favorites|status|statuses|jobs) -intitle:(job|jobs) -recruiter -HR -careers "New Hampshire" "gmail.com" "tea"
site:twitter.com -inurl:(search|favorites|status|statuses|jobs) -intitle:(job|jobs) -recruiter -HR -careers "New Hampshire" "gmail.com" "teddy"
site:twitter.com -inurl:(search|favorites|status|statuses|jobs) -intitle:(job|jobs) -recruiter -HR -careers "New Hampshire" "gmail.com" "tesla"
site:twitter.com -inurl:(search|favorites|status|statuses|jobs) -intitle:(job|jobs) -recruiter -HR -careers "New Hampshire" "gmail.com" "thanksgiving"
site:twitter.com -inurl:(search|favorites|status|statuses|jobs) -intitle:(job|jobs) -recruiter -HR -careers "New Hampshire" "gmail.com" "Theater"
site:twitter.com -inurl:(search|favorites|status|statuses|jobs) -intitle:(job|jobs) -recruiter -HR -careers "New Hampshire" "gmail.com" "Thursday"
site:twitter.com -inurl:(search|favorites|status|statuses|jobs) -intitle:(job|jobs) -recruiter -HR -careers "New Hampshire" "gmail.com" "Thursdays"
site:twitter.com -inurl:(search|favorites|status|statuses|jobs) -intitle:(job|jobs) -recruiter -HR -careers "New Hampshire" "gmail.com" "toy"
site:twitter.com -inurl:(search|favorites|status|statuses|jobs) -intitle:(job|jobs) -recruiter -HR -careers "New Hampshire" "gmail.com" "toys"
site:twitter.com -inurl:(search|favorites|status|statuses|jobs) -intitle:(job|jobs) -recruiter -HR -careers "New Hampshire" "gmail.com" "travel"
site:twitter.com -inurl:(search|favorites|status|statuses|jobs) -intitle:(job|jobs) -recruiter -HR -careers "New Hampshire" "gmail.com" "travelling"
site:twitter.com -inurl:(search|favorites|status|statuses|jobs) -intitle:(job|jobs) -recruiter -HR -careers "New Hampshire" "gmail.com" "travels"
site:twitter.com -inurl:(search|favorites|status|statuses|jobs) -intitle:(job|jobs) -recruiter -HR -careers "New Hampshire" "gmail.com" "trip"
site:twitter.com -inurl:(search|favorites|status|statuses|jobs) -intitle:(job|jobs) -recruiter -HR -careers "New Hampshire" "gmail.com" "trips"
site:twitter.com -inurl:(search|favorites|status|statuses|jobs) -intitle:(job|jobs) -recruiter -HR -careers "New Hampshire" "gmail.com" "Tuesday"
site:twitter.com -inurl:(search|favorites|status|statuses|jobs) -intitle:(job|jobs) -recruiter -HR -careers "New Hampshire" "gmail.com" "Tuesdays"
site:twitter.com -inurl:(search|favorites|status|statuses|jobs) -intitle:(job|jobs) -recruiter -HR -careers "New Hampshire" "gmail.com" "twitter"
site:twitter.com -inurl:(search|favorites|status|statuses|jobs) -intitle:(job|jobs) -recruiter -HR -careers "New Hampshire" "gmail.com" "USS "
site:twitter.com -inurl:(search|favorites|status|statuses|jobs) -intitle:(job|jobs) -recruiter -HR -careers "New Hampshire" "gmail.com" "valentine"
site:twitter.com -inurl:(search|favorites|status|statuses|jobs) -intitle:(job|jobs) -recruiter -HR -careers "New Hampshire" "gmail.com" "vegetable"
site:twitter.com -inurl:(search|favorites|status|statuses|jobs) -intitle:(job|jobs) -recruiter -HR -careers "New Hampshire" "gmail.com" "vegetables"
site:twitter.com -inurl:(search|favorites|status|statuses|jobs) -intitle:(job|jobs) -recruiter -HR -careers "New Hampshire" "gmail.com" "Verizon"
site:twitter.com -inurl:(search|favorites|status|statuses|jobs) -intitle:(job|jobs) -recruiter -HR -careers "New Hampshire" "gmail.com" "Veterans Day"
site:twitter.com -inurl:(search|favorites|status|statuses|jobs) -intitle:(job|jobs) -recruiter -HR -careers "New Hampshire" "gmail.com" "Villa"
site:twitter.com -inurl:(search|favorites|status|statuses|jobs) -intitle:(job|jobs) -recruiter -HR -careers "New Hampshire" "gmail.com" "visa"
site:twitter.com -inurl:(search|favorites|status|statuses|jobs) -intitle:(job|jobs) -recruiter -HR -careers "New Hampshire" "gmail.com" "vodka"
site:twitter.com -inurl:(search|favorites|status|statuses|jobs) -intitle:(job|jobs) -recruiter -HR -careers "New Hampshire" "gmail.com" "Volcano"
site:twitter.com -inurl:(search|favorites|status|statuses|jobs) -intitle:(job|jobs) -recruiter -HR -careers "New Hampshire" "gmail.com" "Volcanoes"
site:twitter.com -inurl:(search|favorites|status|statuses|jobs) -intitle:(job|jobs) -recruiter -HR -careers "New Hampshire" "gmail.com" "walmart"
site:twitter.com -inurl:(search|favorites|status|statuses|jobs) -intitle:(job|jobs) -recruiter -HR -careers "New Hampshire" "gmail.com" "water"
site:twitter.com -inurl:(search|favorites|status|statuses|jobs) -intitle:(job|jobs) -recruiter -HR -careers "New Hampshire" "gmail.com" "Waterfalls"
site:twitter.com -inurl:(search|favorites|status|statuses|jobs) -intitle:(job|jobs) -recruiter -HR -careers "New Hampshire" "gmail.com" "wedding"
site:twitter.com -inurl:(search|favorites|status|statuses|jobs) -intitle:(job|jobs) -recruiter -HR -careers "New Hampshire" "gmail.com" "Wednesday"
site:twitter.com -inurl:(search|favorites|status|statuses|jobs) -intitle:(job|jobs) -recruiter -HR -careers "New Hampshire" "gmail.com" "Wednesdays"
site:twitter.com -inurl:(search|favorites|status|statuses|jobs) -intitle:(job|jobs) -recruiter -HR -careers "New Hampshire" "gmail.com" "week"
site:twitter.com -inurl:(search|favorites|status|statuses|jobs) -intitle:(job|jobs) -recruiter -HR -careers "New Hampshire" "gmail.com" "weeks"
site:twitter.com -inurl:(search|favorites|status|statuses|jobs) -intitle:(job|jobs) -recruiter -HR -careers "New Hampshire" "gmail.com" "wellness"
site:twitter.com -inurl:(search|favorites|status|statuses|jobs) -intitle:(job|jobs) -recruiter -HR -careers "New Hampshire" "gmail.com" "west"
site:twitter.com -inurl:(search|favorites|status|statuses|jobs) -intitle:(job|jobs) -recruiter -HR -careers "New Hampshire" "gmail.com" "whatsapp"
site:twitter.com -inurl:(search|favorites|status|statuses|jobs) -intitle:(job|jobs) -recruiter -HR -careers "New Hampshire" "gmail.com" "whiskey"
site:twitter.com -inurl:(search|favorites|status|statuses|jobs) -intitle:(job|jobs) -recruiter -HR -careers "New Hampshire" "gmail.com" "wife"
site:twitter.com -inurl:(search|favorites|status|statuses|jobs) -intitle:(job|jobs) -recruiter -HR -careers "New Hampshire" "gmail.com" "wine"
site:twitter.com -inurl:(search|favorites|status|statuses|jobs) -intitle:(job|jobs) -recruiter -HR -careers "New Hampshire" "gmail.com" "winery"
site:twitter.com -inurl:(search|favorites|status|statuses|jobs) -intitle:(job|jobs) -recruiter -HR -careers "New Hampshire" "gmail.com" "woman"
site:twitter.com -inurl:(search|favorites|status|statuses|jobs) -intitle:(job|jobs) -recruiter -HR -careers "New Hampshire" "gmail.com" "women"
site:twitter.com -inurl:(search|favorites|status|statuses|jobs) -intitle:(job|jobs) -recruiter -HR -careers "New Hampshire" "gmail.com" "yoga"
site:twitter.com -inurl:(search|favorites|status|statuses|jobs) -intitle:(job|jobs) -recruiter -HR -careers "New Hampshire" "gmail.com" "zoo"
